{"Mean":{"confidence_interval":{"confidence_level":0.95,"lower_bound":-0.9554462597049613,"upper_bound":-0.9514589744938011},"point_estimate":-0.9533766385045104,"standard_error":0.0010178645840253381},"Median":{"confidence_interval":{"confidence_level":0.95,"lower_bound":-0.953730805946333,"upper_bound":-0.951287374920637},"point_estimate":-0.9525919920522367,"standard_error":0.0006213243074146208}}