{"Mean":{"confidence_interval":{"confidence_level":0.95,"lower_bound":59.922121428298965,"upper_bound":64.55005370444556},"point_estimate":62.01045804194369,"standard_error":1.1865307061658903},"Median":{"confidence_interval":{"confidence_level":0.95,"lower_bound":58.161343175110126,"upper_bound":60.2187115923856},"point_estimate":59.423238421074814,"standard_error":0.5630891933800706},"MedianAbsDev":{"confidence_interval":{"confidence_level":0.95,"lower_bound":2.6534980450196035,"upper_bound":3.9131107588959},"point_estimate":3.373979882190291,"standard_error":0.32171239720763656},"Slope":{"confidence_interval":{"confidence_level":0.95,"lower_bound":59.17267874106649,"upper_bound":60.21697637400381},"point_estimate":59.71859708963492,"standard_error":0.26653074444949715},"StdDev":{"confidence_interval":{"confidence_level":0.95,"lower_bound":6.058470737509387,"upper_bound":16.360532307150034},"point_estimate":11.945220935028539,"standard_error":2.5879995717317352}}