{"Mean":{"confidence_interval":{"confidence_level":0.95,"lower_bound":2.8365607484608626,"upper_bound":2.956956707975053},"point_estimate":2.891136001790429,"standard_error":0.03093102418189812},"Median":{"confidence_interval":{"confidence_level":0.95,"lower_bound":2.7733067760145236,"upper_bound":2.857681141051704},"point_estimate":2.8171373593481484,"standard_error":0.025551174383229108},"MedianAbsDev":{"confidence_interval":{"confidence_level":0.95,"lower_bound":0.093603538270734,"upper_bound":0.1741763255248514},"point_estimate":0.14265029736739696,"standard_error":0.02196238783210492},"Slope":{"confidence_interval":{"confidence_level":0.95,"lower_bound":2.8451141706412924,"upper_bound":2.9323647214847672},"point_estimate":2.885944884081084,"standard_error":0.02220758388389491},"StdDev":{"confidence_interval":{"confidence_level":0.95,"lower_bound":0.1670488732468159,"upper_bound":0.44006745307146744},"point_estimate":0.3127742331795359,"standard_error":0.07093685793669635}}